metric,pearson,spearman,rmse,pearson_fit_linear,spearman_fit_linear,rmse_fit_linear,pearson_fit_cubic,spearman_fit_cubic,rmse_fit_cubic
point2point_MSE,-0.808915575985733,-0.899283599703956,31.7032390580065,0.808915575985733,0.899283599703956,3.70059381673355,0.934470214787607,0.899283599703956,2.24104213353476
point2point_HD,-0.0786843156162666,-0.439677970646187,69.6932990753964,0.0786843156162669,0.439677970646187,6.27481664883045,0.64769228800063,0.598087293962366,4.79566408795192
angular,0.926947952489571,0.911392788473196,17.0965672754353,0.926947952489571,0.911392788473196,2.36156995296222,0.929978380719088,0.911392788473196,2.31388581043266
rgb_1,0.77594171996866,0.849569243844479,132.769021995413,0.77594171996866,0.849569243844479,3.97049341077989,0.85547724087905,0.849569243844479,3.25945931000024
rgb_2,0.761673928716263,0.855072823485018,135.480485079084,0.761673928716263,0.855072823485018,4.07847839828974,0.854574411135171,0.855072823485018,3.2688287800516
yuv,0.749962344553665,0.851036865081956,151.905469753802,0.749962344553665,0.851036865081956,4.16357782365073,0.853503743752447,0.851036865081956,3.27989259871666
